{
  "lang":"en",
  "name":"pipeline",
  "version":"0.0.0",
  "spacy_version":">=3.7.5,<3.8.0",
  "description":"",
  "author":"",
  "email":"",
  "url":"",
  "license":"",
  "spacy_git_version":"a6d0fc360",
  "vectors":{
    "width":0,
    "vectors":0,
    "keys":0,
    "name":null,
    "mode":"default"
  },
  "labels":{
    "textcat":[
      "copy_text",
      "paste_text",
      "shutdown_system",
      "restart_system",
      "open_app",
      "adjust_volume",
      "terminate_app"
    ],
    "ner":[
      "APP",
      "APP_NAME",
      "LEVEL",
      "VOLUME_LEVEL"
    ]
  },
  "pipeline":[
    "textcat",
    "ner"
  ],
  "components":[
    "textcat",
    "ner"
  ],
  "disabled":[

  ]
}